<?xml version="1.0" encoding="UTF-8"?>
<Module>
  <ModulePrefs title="qPod Gadget by Nimeyo"
    description="qPod Search Results"
    height="30"
    author="Nimeyo Inc"
    author_email="support@nimeyo.com"
    author_location="Santa Clara, CA">

    <!-- Declare feature dependencies. -->

    <!-- This one is not specific to Gmail contextual gadgets. -->
    <Require feature="dynamic-height"/>
	
    <!-- The next feature, Caja, is optional, and is supported for
     use only within test domains. Uncomment the tag only for
     non-production gadgets. -->
    <!-- <Require feature="caja"/> -->

    <!-- The next feature, google.contentmatch, is required for all
     Gmail contextual gadgets.
     <Param> - specify one or more comma-separated extractor IDs in
     a param named "extractors". This line is overridden by the extractor ID
     in the manifest, but is still expected to be present. -->
    <Require feature="google.contentmatch">
      <Param name="extractors">
        google.com:RawSubjectExtractor
      </Param>
	 </Require>

  </ModulePrefs>

  <!-- Define the content type and display location. The settings
   "html" and "card" are required for all Gmail contextual gadgets. -->
  <Content type="html" view="card">
    <![CDATA[
      <!-- Start with Single Sign-On -->
      <!--<script type="text/javascript" src="https://example.com/gadgets/sso.js"></script>-->
	  
<style>
ul {
  list-style-type: none;
  padding: 0px;
  margin: 0px;
}

body {
  font-size: x-small;
  background-color: #cdc;
  margin: 5px 10px 5px 10px;
}

p {
  margin-top: 0;
  margin-bottom: .25em;
}

.qa-excerpt {
  font-size: xx-small;
}

a:link,
a:visited {
  text-decoration: none;
  color: #00c;
}

.qa-meta {
  font-size: 66%;
  font-style: italic;
  color: #444;
  margin-bottom: .5em;
}

.qa-meta a:link,
.qa-meta a:visited {
  color: #a33;
}

.qa-search-highlight {
  background-color: rgb(255, 255, 0);
}
</style>

	  <script type="text/javascript">

	  //Dummy function
	  //function runHelper() {
	  //}
	  
	  </script>
	  
	  <!-- if you want to put functionality in a different file, use this, and define runHelper();   Then remove the runHelper definition here -->
      <!--<script type="text/javascript" src="https://qPod.nimeyo.com/qPod/gadget_helper.js"></script>-->
	  
	  <script type="text/javascript">

	var domain = gadgets.util.getUrlParameters()['parent'].match(/.+\/a\/(.+)\/html/)[1];
	var baseURL = 'https://' + getServer(domain);

	    function makeGETRequest(url) {
		var params = {};
		params[gadgets.io.RequestParameters.METHOD] = gadgets.io.MethodType.GET;
		gadgets.io.makeRequest(url, response, params); 
	};
	
	function getReversedPath(path) {
		return path.split('/').reverse().join('/');
	}

	function response(obj) {
		var jsondata = obj.data;
		var returns = jsondata[1].values;
		var query = jsondata[2].query;
		
		var matchList = document.createElement('UL');
        var listItem;
        var loggedText;
		var a;
		
		if (jsondata[0].verified == "yes") {
			//loggedText = document.createTextNode("Logged in as Gmail user - search results based on the subject are....");
			loggedText = document.createTextNode("");
		} else {
			loggedText = document.createTextNode("Searches will be anonymous");
		}
		try {
			var arrayLength = returns.length;
			
			if (arrayLength == 0) {
				throw new Error("No results found");
			}
			
			for (var i = 0; i < arrayLength; i++){
				listItem = document.createElement('LI');
				a = document.createElement('a');
				a.appendChild(document.createTextNode(returns[i].value));
				a.title = returns[i].value;
				a.href = returns[i].link;
				a.target = "_blank";
				listItem.appendChild(a);
			
				//baseURL = returns[i].link;
				// remove last two sub-paths. may not work if title has '/' in it.
				//baseURL = baseURL.substr(0, baseURL.substr(0, baseURL.lastIndexOf('/')).lastIndexOf('/'));

				//Add the excerpt if it exists
				if (returns[i].excerpt != undefined) {
					b = document.createElement('p');
					b.innerHTML = returns[i].excerpt;
					var c = document.createElement('p');
                                        c.setAttribute('class', 'qa-meta');

					c.appendChild(document.createTextNode(" on " + returns[i].date));

					if (returns[i].category != null) {
						c.appendChild(document.createTextNode(" in "));
						var cat = document.createElement('a');
						cat.appendChild(document.createTextNode(returns[i].category));
						cat.href = baseURL + '/' + getReversedPath(returns[i].categorypath);
						cat.target = "_blank";
						c.appendChild(cat);

					}

					var by = document.createTextNode(" by ");
					if (returns[i].user != undefined) {
						c.appendChild(document.createTextNode(" by "));
						var by = document.createElement('a');
						by.appendChild(document.createTextNode(returns[i].user));
						by.href = baseURL + '/user/' + returns[i].user;
						by.target = "_blank";
						c.appendChild(by);
					}

					var linebreak = document.createElement('br');
					listItem.appendChild(linebreak);

					listItem.appendChild(b);
					listItem.appendChild(c);
				}
				
				matchList.appendChild(listItem);
			}
		
			document.body.appendChild(loggedText);	
			document.body.appendChild(matchList);		

			var more = document.createElement('a');
			more.appendChild(document.createTextNode('-- more results --'));
			more.href = baseURL + '/search?q=' + encodeURIComponent(query);
			more.target = "_blank";
			more.setAttribute('style', 'font-size: 50%');
			document.body.appendChild(more);

			gadgets.window.adjustHeight();
		} catch (err) {
			var noerror = document.createTextNode("Based on a subject search, no results were found");
			document.body.appendChild(noerror);
			gadgets.window.adjustHeight(20);
		}

	};
	
  function makeGETSignedRequest(url) {
		var params = {};
		params[gadgets.io.RequestParameters.CONTENT_TYPE] = gadgets.io.ContentType.JSON;
		params[gadgets.io.RequestParameters.METHOD] = gadgets.io.MethodType.GET;
		params[gadgets.io.RequestParameters.AUTHORIZATION] = gadgets.io.AuthorizationType.SIGNED;
		gadgets.io.makeRequest(url, response, params); 
	};

	function makePOSTSignedRequest(url, data) {
		var params = {};
		params[gadgets.io.RequestParameters.CONTENT_TYPE] = gadgets.io.ContentType.JSON;
		params[gadgets.io.RequestParameters.METHOD] = gadgets.io.MethodType.POST;
		params[gadgets.io.RequestParameters.AUTHORIZATION] = gadgets.io.AuthorizationType.SIGNED;
		params[gadgets.io.RequestParameters.POST_DATA] = data;
		gadgets.io.makeRequest(url, response, params); 
	};

	
function getContentMatches() {
	var results = [];
	var matches = google.contentmatch.getContentMatches();
	for (var match in matches)
		for (var key in matches[match])
			results[key] = matches[match][key];
	return results;
}

function getServer(domain) {
	return domain == 'mavenwire.com' ? 'mavenwire.nimeyo.com'
		: domain == 'nimeyo.com' ? 'mavenwire.nimeyo.com' // for MW's evaluation only
		: 'git.nimeyo.com'; // dummy qPod with FAQs as default server
}

function runHelper() {
	var matches = getContentMatches();
	var subject = matches['subject'];
	var body = matches['email_body'];
	makePOSTSignedRequest(baseURL + "/google-gadget/OAuthSearch.php?domain=" + encodeURIComponent(domain) + "&searchstring=" + encodeURIComponent(subject), "body=" + encodeURIComponent(body)); // could send 'searchstring' via POST for privacy also.
}
	  
	  <!--qPod function-->
	  runHelper();
	  
	  
      </script>
    ]]>
  </Content>
</Module>
